<?xml version="1.0" encoding="UTF-8"?>
<config transient="false" date="1421654938257">
	<site enabled="true" updateable="true" policy="USER-EXCLUDE" url="platform:/base/">
		<feature id="com.puppetlabs.geppetto.product" plugin-identifier="com.puppetlabs.geppetto" url="features/com.puppetlabs.geppetto.product_4.3.1.v20150119-0753/" version="4.3.1.v20150119-0753">
		</feature>
		<feature id="com.puppetlabs.geppetto" url="features/com.puppetlabs.geppetto_4.3.1.v20150119-0753/" version="4.3.1.v20150119-0753">
		</feature>
		<feature id="org.eclipse.emf.common.ui" url="features/org.eclipse.emf.common.ui_2.9.0.v20141013-0308/" version="2.9.0.v20141013-0308">
		</feature>
		<feature id="org.eclipse.jgit" url="features/org.eclipse.jgit_3.4.2.201412180340-r/" version="3.4.2.201412180340-r">
		</feature>
		<feature id="org.eclipse.rcp" url="features/org.eclipse.rcp_4.4.0.v20140925-0400/" version="4.4.0.v20140925-0400">
		</feature>
		<feature id="org.eclipse.ecf.filetransfer.feature" url="features/org.eclipse.ecf.filetransfer.feature_3.9.0.v20140827-1444/" version="3.9.0.v20140827-1444">
		</feature>
		<feature id="org.eclipse.ecf.core.ssl.feature" url="features/org.eclipse.ecf.core.ssl.feature_1.0.0.v20140827-1444/" version="1.0.0.v20140827-1444">
		</feature>
		<feature id="org.eclipse.emf.ecore.edit" url="features/org.eclipse.emf.ecore.edit_2.9.0.v20141013-0308/" version="2.9.0.v20141013-0308">
		</feature>
		<feature id="org.eclipse.equinox.p2.extras.feature" url="features/org.eclipse.equinox.p2.extras.feature_1.2.0.v20140911-0143/" version="1.2.0.v20140911-0143">
		</feature>
		<feature id="org.eclipse.equinox.p2.rcp.feature" url="features/org.eclipse.equinox.p2.rcp.feature_1.2.0.v20140523-0116/" version="1.2.0.v20140523-0116">
		</feature>
		<feature id="org.polarion.eclipse.team.svn.connector" url="features/org.polarion.eclipse.team.svn.connector_4.1.2.I20141224-1700/" version="4.1.2.I20141224-1700">
		</feature>
		<feature id="org.eclipse.e4.rcp" url="features/org.eclipse.e4.rcp_1.3.100.v20140909-1633/" version="1.3.100.v20140909-1633">
		</feature>
		<feature id="org.eclipse.emf.edit" url="features/org.eclipse.emf.edit_2.10.1.v20141013-0308/" version="2.10.1.v20141013-0308">
		</feature>
		<feature id="org.eclipse.equinox.p2.user.ui" url="features/org.eclipse.equinox.p2.user.ui_2.2.0.v20140911-0143/" version="2.2.0.v20140911-0143">
		</feature>
		<feature id="org.eclipse.egit" url="features/org.eclipse.egit_3.4.2.201412180340-r/" version="3.4.2.201412180340-r">
		</feature>
		<feature id="org.eclipse.emf.ecore" url="features/org.eclipse.emf.ecore_2.10.1.v20140901-1043/" version="2.10.1.v20140901-1043">
		</feature>
		<feature id="org.eclipse.team.svn" url="features/org.eclipse.team.svn_2.0.1.I20140907-1700/" version="2.0.1.I20140907-1700">
		</feature>
		<feature id="org.eclipse.emf.common" url="features/org.eclipse.emf.common_2.10.1.v20140901-1043/" version="2.10.1.v20140901-1043">
		</feature>
		<feature id="org.eclipse.ecf.core.feature" url="features/org.eclipse.ecf.core.feature_1.1.0.v20140827-1444/" version="1.1.0.v20140827-1444">
		</feature>
		<feature id="org.eclipse.emf.edit.ui" url="features/org.eclipse.emf.edit.ui_2.10.1.v20141013-0308/" version="2.10.1.v20141013-0308">
		</feature>
		<feature id="org.eclipse.ecf.filetransfer.ssl.feature" url="features/org.eclipse.ecf.filetransfer.ssl.feature_1.0.0.v20140827-1444/" version="1.0.0.v20140827-1444">
		</feature>
		<feature id="org.polarion.eclipse.team.svn.connector.svnkit18" url="features/org.polarion.eclipse.team.svn.connector.svnkit18_4.1.2.I20141224-1700/" version="4.1.2.I20141224-1700">
		</feature>
		<feature id="org.eclipse.ecf.filetransfer.httpclient4.feature" url="features/org.eclipse.ecf.filetransfer.httpclient4.feature_3.9.1.v20140827-1444/" version="3.9.1.v20140827-1444">
		</feature>
		<feature id="com.puppetlabs.geppetto.puppetdb" url="features/com.puppetlabs.geppetto.puppetdb_4.3.1.v20150117-1918/" version="4.3.1.v20150117-1918">
		</feature>
		<feature id="org.eclipse.ecf.filetransfer.httpclient4.ssl.feature" url="features/org.eclipse.ecf.filetransfer.httpclient4.ssl.feature_1.0.0.v20140827-1444/" version="1.0.0.v20140827-1444">
		</feature>
		<feature id="org.eclipse.equinox.p2.core.feature" url="features/org.eclipse.equinox.p2.core.feature_1.3.0.v20140523-0116/" version="1.3.0.v20140523-0116">
		</feature>
	</site>
</config>
