<?xml version="1.0" encoding="UTF-8"?>
<!-- contextQualifierLength=14 -->
<feature
      id="com.puppetlabs.geppetto.product"
      label="%featureName"
      version="4.3.1.v20150119-0753"
      provider-name="%providerName"
      plugin="com.puppetlabs.geppetto"
      image="geppetto_update_120.jpg">

   <description>
      %description
   </description>

   <copyright url="http://www.eclipse.org/legal/epl-v10.html">
      Copyright (c) 2013 Puppet Labs, Inc. and other contributors, as listed below.
All rights reserved. This program and the accompanying materials
are made available under the terms of the Eclipse Public License v1.0
which accompanies this distribution, and is available at
http://www.eclipse.org/legal/epl-v10.html
   </copyright>

   <license url="%licenseURL">
      %license
   </license>

   <includes
         id="com.puppetlabs.geppetto"
         version="4.3.1.v20150119-0753"/>

   <includes
         id="com.puppetlabs.geppetto.puppetdb"
         version="4.3.1.v20150117-1918"/>

   <requires>
      <import feature="org.eclipse.emf.common"/>
      <import feature="org.eclipse.emf.common.ui"/>
      <import feature="org.eclipse.emf.ecore"/>
      <import feature="org.eclipse.emf.ecore.edit"/>
      <import feature="org.eclipse.emf.edit"/>
      <import feature="org.eclipse.emf.edit.ui"/>
      <import feature="org.eclipse.equinox.p2.user.ui"/>
      <import feature="org.eclipse.rcp" version="3.6.0" match="greaterOrEqual"/>
      <import plugin="com.google.gson" version="1.6.0" match="greaterOrEqual"/>
      <import plugin="com.google.inject"/>
      <import plugin="org.antlr.runtime"/>
      <import plugin="org.aopalliance"/>
      <import plugin="org.apache.commons.compress" version="1.7.0" match="greaterOrEqual"/>
      <import plugin="org.apache.commons.lang"/>
      <import plugin="org.apache.log4j"/>
      <import plugin="org.eclipse.core.externaltools"/>
      <import plugin="org.eclipse.ui.externaltools"/>
      <import plugin="org.eclipse.debug.core"/>
      <import plugin="org.eclipse.debug.ui"/>
      <import plugin="org.eclipse.ui.ide.application"/>
      <import plugin="org.eclipse.ui.views.log"/>
      <import plugin="org.eclipse.ui.navigator.resources"/>
      <import plugin="org.eclipse.xtext"/>
      <import plugin="org.eclipse.xtext.builder"/>
      <import plugin="org.eclipse.xtext.ui"/>
      <import plugin="org.eclipse.xtext.ui.shared"/>
      <import plugin="org.eclipse.xtext.util"/>
      <import plugin="org.eclipse.xtext.xbase.lib"/>
      <import plugin="com.puppetlabs.jrubyparser"/>
      <import plugin="org.eclipse.help"/>
      <import plugin="org.eclipse.help.base"/>
      <import plugin="org.eclipse.help.ui"/>
      <import plugin="org.eclipse.help.webapp"/>
      <import plugin="org.eclipse.equinox.http.jetty"/>
      <import plugin="org.eclipse.equinox.http.registry"/>
      <import plugin="org.eclipse.equinox.http.servlet"/>
      <import plugin="org.eclipse.equinox.jsp.jasper"/>
      <import plugin="org.eclipse.equinox.jsp.jasper.registry"/>
      <import plugin="org.eclipse.jetty.continuation"/>
      <import plugin="org.eclipse.jetty.http"/>
      <import plugin="org.eclipse.jetty.io"/>
      <import plugin="org.eclipse.jetty.security"/>
      <import plugin="org.eclipse.jetty.server"/>
      <import plugin="org.eclipse.platform.doc.user"/>
      <import plugin="org.eclipse.ui.net"/>
      <import plugin="org.eclipse.e4.ui.css.swt.theme"/>
   </requires>

   <plugin
         id="com.puppetlabs.geppetto"
         download-size="0"
         install-size="0"
         version="4.3.1.v20150119-0753"
         unpack="false"/>

</feature>
